PRAGMA foreign_keys=OFF;
BEGIN TRANSACTION;
CREATE TABLE IF NOT EXISTS "django_migrations" ("id" integer NOT NULL PRIMARY KEY AUTOINCREMENT, "app" varchar(255) NOT NULL, "name" varchar(255) NOT NULL, "applied" datetime NOT NULL);
INSERT INTO django_migrations VALUES(1,'contenttypes','0001_initial','2023-09-01 15:47:05.473211');
INSERT INTO django_migrations VALUES(2,'auth','0001_initial','2023-09-01 15:47:05.525058');
INSERT INTO django_migrations VALUES(3,'admin','0001_initial','2023-09-01 15:47:05.580125');
INSERT INTO django_migrations VALUES(4,'admin','0002_logentry_remove_auto_add','2023-09-01 15:47:05.640963');
INSERT INTO django_migrations VALUES(5,'admin','0003_logentry_add_action_flag_choices','2023-09-01 15:47:05.680982');
INSERT INTO django_migrations VALUES(6,'contenttypes','0002_remove_content_type_name','2023-09-01 15:47:05.763760');
INSERT INTO django_migrations VALUES(7,'auth','0002_alter_permission_name_max_length','2023-09-01 15:47:05.798669');
INSERT INTO django_migrations VALUES(8,'auth','0003_alter_user_email_max_length','2023-09-01 15:47:05.838561');
INSERT INTO django_migrations VALUES(9,'auth','0004_alter_user_username_opts','2023-09-01 15:47:05.866497');
INSERT INTO django_migrations VALUES(10,'auth','0005_alter_user_last_login_null','2023-09-01 15:47:05.909371');
INSERT INTO django_migrations VALUES(11,'auth','0006_require_contenttypes_0002','2023-09-01 15:47:05.926340');
INSERT INTO django_migrations VALUES(12,'auth','0007_alter_validators_add_error_messages','2023-09-01 15:47:05.959272');
INSERT INTO django_migrations VALUES(13,'auth','0008_alter_user_username_max_length','2023-09-01 15:47:05.992858');
INSERT INTO django_migrations VALUES(14,'auth','0009_alter_user_last_name_max_length','2023-09-01 15:47:06.035751');
INSERT INTO django_migrations VALUES(15,'auth','0010_alter_group_name_max_length','2023-09-01 15:47:06.065666');
INSERT INTO django_migrations VALUES(16,'auth','0011_update_proxy_permissions','2023-09-01 15:47:06.089598');
INSERT INTO django_migrations VALUES(17,'auth','0012_alter_user_first_name_max_length','2023-09-01 15:47:06.122511');
INSERT INTO django_migrations VALUES(18,'project_content','0001_initial','2023-09-01 15:47:06.146447');
INSERT INTO django_migrations VALUES(19,'sessions','0001_initial','2023-09-01 15:47:06.185341');
INSERT INTO django_migrations VALUES(20,'project_content','0002_locations_club','2023-09-02 14:18:24.515869');
INSERT INTO django_migrations VALUES(21,'project_content','0003_locations_lat_locations_lng_locations_place_id','2023-09-08 08:49:07.285400');
INSERT INTO django_migrations VALUES(22,'project_content','0004_distances','2023-09-08 12:14:41.565982');
INSERT INTO django_migrations VALUES(23,'project_content','0005_distances_mode','2023-09-08 13:08:54.346798');
INSERT INTO django_migrations VALUES(24,'project_content','0006_alter_distances_duration_traffic_mins','2023-09-08 13:50:08.359659');
INSERT INTO django_migrations VALUES(25,'project_content','0007_delete_distances','2023-09-08 15:53:36.809499');
INSERT INTO django_migrations VALUES(26,'project_content','0008_distances','2023-09-08 16:00:11.492429');
INSERT INTO django_migrations VALUES(27,'project_content','0009_rename_model_distances_mode','2023-09-09 08:50:40.222344');
CREATE TABLE IF NOT EXISTS "auth_group_permissions" ("id" integer NOT NULL PRIMARY KEY AUTOINCREMENT, "group_id" integer NOT NULL REFERENCES "auth_group" ("id") DEFERRABLE INITIALLY DEFERRED, "permission_id" integer NOT NULL REFERENCES "auth_permission" ("id") DEFERRABLE INITIALLY DEFERRED);
CREATE TABLE IF NOT EXISTS "auth_user_groups" ("id" integer NOT NULL PRIMARY KEY AUTOINCREMENT, "user_id" integer NOT NULL REFERENCES "auth_user" ("id") DEFERRABLE INITIALLY DEFERRED, "group_id" integer NOT NULL REFERENCES "auth_group" ("id") DEFERRABLE INITIALLY DEFERRED);
CREATE TABLE IF NOT EXISTS "auth_user_user_permissions" ("id" integer NOT NULL PRIMARY KEY AUTOINCREMENT, "user_id" integer NOT NULL REFERENCES "auth_user" ("id") DEFERRABLE INITIALLY DEFERRED, "permission_id" integer NOT NULL REFERENCES "auth_permission" ("id") DEFERRABLE INITIALLY DEFERRED);
CREATE TABLE IF NOT EXISTS "django_admin_log" ("id" integer NOT NULL PRIMARY KEY AUTOINCREMENT, "object_id" text NULL, "object_repr" varchar(200) NOT NULL, "action_flag" smallint unsigned NOT NULL CHECK ("action_flag" >= 0), "change_message" text NOT NULL, "content_type_id" integer NULL REFERENCES "django_content_type" ("id") DEFERRABLE INITIALLY DEFERRED, "user_id" integer NOT NULL REFERENCES "auth_user" ("id") DEFERRABLE INITIALLY DEFERRED, "action_time" datetime NOT NULL);
INSERT INTO django_admin_log VALUES(1,'1','Rat Verlegh Stadion',1,'[{"added": {}}]',7,1,'2023-09-02 14:11:44.801220');
INSERT INTO django_admin_log VALUES(2,'2','Allianz Arena',1,'[{"added": {}}]',7,1,'2023-09-02 14:12:22.959163');
INSERT INTO django_admin_log VALUES(3,'3','Parken',1,'[{"added": {}}]',7,1,'2023-09-02 14:13:52.585427');
INSERT INTO django_admin_log VALUES(4,'4','Poljudstadion',1,'[{"added": {}}]',7,1,'2023-09-02 14:14:35.862003');
INSERT INTO django_admin_log VALUES(5,'5','San Mamés',1,'[{"added": {}}]',7,1,'2023-09-02 14:15:30.513593');
INSERT INTO django_admin_log VALUES(6,'6','Eden Aréna',1,'[{"added": {}}]',7,1,'2023-09-02 14:16:18.507606');
INSERT INTO django_admin_log VALUES(7,'6','Eden Aréna',2,'[{"changed": {"fields": ["Club"]}}]',7,1,'2023-09-02 14:18:46.768302');
INSERT INTO django_admin_log VALUES(8,'5','San Mamés',2,'[{"changed": {"fields": ["Club"]}}]',7,1,'2023-09-02 14:18:57.963383');
INSERT INTO django_admin_log VALUES(9,'2','Allianz Arena',2,'[{"changed": {"fields": ["Club"]}}]',7,1,'2023-09-02 14:19:06.362292');
INSERT INTO django_admin_log VALUES(10,'1','Rat Verlegh Stadion',2,'[{"changed": {"fields": ["Club"]}}]',7,1,'2023-09-02 14:19:11.212966');
INSERT INTO django_admin_log VALUES(11,'4','Poljudstadion',2,'[{"changed": {"fields": ["Club"]}}]',7,1,'2023-09-02 14:19:19.780223');
INSERT INTO django_admin_log VALUES(12,'7','Bosuilstadion',1,'[{"added": {}}]',7,1,'2023-09-02 14:20:08.983342');
INSERT INTO django_admin_log VALUES(13,'8','Estadi Nacional d''Andorra',1,'[{"added": {}}]',7,1,'2023-09-02 14:21:37.905851');
CREATE TABLE IF NOT EXISTS "django_content_type" ("id" integer NOT NULL PRIMARY KEY AUTOINCREMENT, "app_label" varchar(100) NOT NULL, "model" varchar(100) NOT NULL);
INSERT INTO django_content_type VALUES(1,'admin','logentry');
INSERT INTO django_content_type VALUES(2,'auth','permission');
INSERT INTO django_content_type VALUES(3,'auth','group');
INSERT INTO django_content_type VALUES(4,'auth','user');
INSERT INTO django_content_type VALUES(5,'contenttypes','contenttype');
INSERT INTO django_content_type VALUES(6,'sessions','session');
INSERT INTO django_content_type VALUES(7,'project_content','locations');
INSERT INTO django_content_type VALUES(8,'project_content','distances');
CREATE TABLE IF NOT EXISTS "auth_permission" ("id" integer NOT NULL PRIMARY KEY AUTOINCREMENT, "content_type_id" integer NOT NULL REFERENCES "django_content_type" ("id") DEFERRABLE INITIALLY DEFERRED, "codename" varchar(100) NOT NULL, "name" varchar(255) NOT NULL);
INSERT INTO auth_permission VALUES(1,1,'add_logentry','Can add log entry');
INSERT INTO auth_permission VALUES(2,1,'change_logentry','Can change log entry');
INSERT INTO auth_permission VALUES(3,1,'delete_logentry','Can delete log entry');
INSERT INTO auth_permission VALUES(4,1,'view_logentry','Can view log entry');
INSERT INTO auth_permission VALUES(5,2,'add_permission','Can add permission');
INSERT INTO auth_permission VALUES(6,2,'change_permission','Can change permission');
INSERT INTO auth_permission VALUES(7,2,'delete_permission','Can delete permission');
INSERT INTO auth_permission VALUES(8,2,'view_permission','Can view permission');
INSERT INTO auth_permission VALUES(9,3,'add_group','Can add group');
INSERT INTO auth_permission VALUES(10,3,'change_group','Can change group');
INSERT INTO auth_permission VALUES(11,3,'delete_group','Can delete group');
INSERT INTO auth_permission VALUES(12,3,'view_group','Can view group');
INSERT INTO auth_permission VALUES(13,4,'add_user','Can add user');
INSERT INTO auth_permission VALUES(14,4,'change_user','Can change user');
INSERT INTO auth_permission VALUES(15,4,'delete_user','Can delete user');
INSERT INTO auth_permission VALUES(16,4,'view_user','Can view user');
INSERT INTO auth_permission VALUES(17,5,'add_contenttype','Can add content type');
INSERT INTO auth_permission VALUES(18,5,'change_contenttype','Can change content type');
INSERT INTO auth_permission VALUES(19,5,'delete_contenttype','Can delete content type');
INSERT INTO auth_permission VALUES(20,5,'view_contenttype','Can view content type');
INSERT INTO auth_permission VALUES(21,6,'add_session','Can add session');
INSERT INTO auth_permission VALUES(22,6,'change_session','Can change session');
INSERT INTO auth_permission VALUES(23,6,'delete_session','Can delete session');
INSERT INTO auth_permission VALUES(24,6,'view_session','Can view session');
INSERT INTO auth_permission VALUES(25,7,'add_locations','Can add locations');
INSERT INTO auth_permission VALUES(26,7,'change_locations','Can change locations');
INSERT INTO auth_permission VALUES(27,7,'delete_locations','Can delete locations');
INSERT INTO auth_permission VALUES(28,7,'view_locations','Can view locations');
INSERT INTO auth_permission VALUES(29,8,'add_distances','Can add distances');
INSERT INTO auth_permission VALUES(30,8,'change_distances','Can change distances');
INSERT INTO auth_permission VALUES(31,8,'delete_distances','Can delete distances');
INSERT INTO auth_permission VALUES(32,8,'view_distances','Can view distances');
CREATE TABLE IF NOT EXISTS "auth_group" ("id" integer NOT NULL PRIMARY KEY AUTOINCREMENT, "name" varchar(150) NOT NULL UNIQUE);
CREATE TABLE IF NOT EXISTS "auth_user" ("id" integer NOT NULL PRIMARY KEY AUTOINCREMENT, "password" varchar(128) NOT NULL, "last_login" datetime NULL, "is_superuser" bool NOT NULL, "username" varchar(150) NOT NULL UNIQUE, "last_name" varchar(150) NOT NULL, "email" varchar(254) NOT NULL, "is_staff" bool NOT NULL, "is_active" bool NOT NULL, "date_joined" datetime NOT NULL, "first_name" varchar(150) NOT NULL);
INSERT INTO auth_user VALUES(1,'pbkdf2_sha256$600000$sXKrFrUn5LCiLRhntWMwvo$E/0ythvAQleUj18LW76fhrZVZhPDB6MlhnOnX3Q18Io=','2023-09-02 14:10:32.820872',1,'NickMol','','nickmol96@hotmail.com',1,1,'2023-09-02 14:10:13.499816','');
CREATE TABLE IF NOT EXISTS "project_content_locations" ("id" integer NOT NULL PRIMARY KEY AUTOINCREMENT, "name" varchar(500) NOT NULL, "zipcode" varchar(200) NULL, "city" varchar(200) NULL, "country" varchar(200) NULL, "adress" varchar(200) NULL, "created_at" datetime NULL, "edited_at" datetime NOT NULL, "club" varchar(500) NULL, "lat" varchar(200) NULL, "lng" varchar(200) NULL, "place_id" varchar(200) NULL);
INSERT INTO project_content_locations VALUES(1,'Rat Verlegh Stadion','4815 NC','Breda','Netherlands','Stadionstraat 5','2023-09-02 14:11:44.799222','2023-09-08 08:51:12.733711','NAC Breda','51.5944418','4.7492914','ChIJPT9M6fCfxkcR2kFZqM4a3EQ');
INSERT INTO project_content_locations VALUES(2,'Allianz Arena','80939','München','Germany','Werner-Heisenberg-Allee 25','2023-09-02 14:12:22.957208','2023-09-02 14:19:06.360296','Bayern München',NULL,NULL,NULL);
INSERT INTO project_content_locations VALUES(3,'Parken','2100','København','Denmark','Per Henrik Lings Allé 2','2023-09-02 14:13:52.583471','2023-09-08 08:57:06.977737',NULL,'55.702299','12.5715559','ChIJYamxmflSUkYRIhmcOL1QMb8');
INSERT INTO project_content_locations VALUES(4,'Poljudstadion','21000','Split','Croatia','8 Mediteranskih Igara 2','2023-09-02 14:14:35.860010','2023-09-02 14:19:19.777230','Hajduk Split',NULL,NULL,NULL);
INSERT INTO project_content_locations VALUES(5,'San Mamés','48013','Bilbao','Spain','Rafael Moreno "Pitxitxi"','2023-09-02 14:15:30.511600','2023-09-16 12:49:41.084607','Atlethic de Bilbao','43.2634135','-2.9500449','ChIJ72trODpQTg0ROxJxU7lygJ4');
INSERT INTO project_content_locations VALUES(6,'Eden Aréna','100 00','Prague','Czech','U Slavie 1540/2a','2023-09-02 14:16:18.504603','2023-09-02 14:18:46.766341','Slavia Prague',NULL,NULL,NULL);
INSERT INTO project_content_locations VALUES(7,'Bosuilstadion','2100','Antwerpen','Belgium','Oude Bosuilbaan 54','2023-09-02 14:20:08.981348','2023-09-02 14:20:08.981348','FC Antwerp',NULL,NULL,NULL);
INSERT INTO project_content_locations VALUES(8,'Estadi Nacional d''Andorra','AD500','Andorra la Vella','Andorra','Baixada del Molí 31-35','2023-09-02 14:21:37.899868','2023-09-02 14:21:37.900864','FC Andorra',NULL,NULL,NULL);
CREATE TABLE IF NOT EXISTS "django_session" ("session_key" varchar(40) NOT NULL PRIMARY KEY, "session_data" text NOT NULL, "expire_date" datetime NOT NULL);
INSERT INTO django_session VALUES('sz4fq8z4e0an9anvw67sqlqfu3a51sql','.eJxVjMsOwiAQRf-FtSFAeUxduu83kJkBpWogKe3K-O_apAvd3nPOfYmI21ri1vMS5yTOQovT70bIj1x3kO5Yb01yq-syk9wVedAup5by83K4fwcFe_nWQEYhKIcumMzswKY0GOvAjw61Hq_k2ZEm6y0iKRW0HwwrgBBYI7B4fwDL-Tcx:1qcRKa:VP_rX50Z-KQQnQJQVuhrK7H4JbirQKD3RuQKBCOxbTs','2023-09-16 14:10:32.829850');
CREATE TABLE IF NOT EXISTS "project_content_distances" ("id" integer NOT NULL PRIMARY KEY AUTOINCREMENT, "mode" varchar(200) NULL, "distance_km" decimal NOT NULL, "duration_mins" decimal NOT NULL, "duration_traffic_mins" decimal NULL, "created_at" datetime NULL, "edited_at" datetime NOT NULL, "from_location_id" bigint NOT NULL REFERENCES "project_content_locations" ("id") DEFERRABLE INITIALLY DEFERRED, "to_location_id" bigint NOT NULL REFERENCES "project_content_locations" ("id") DEFERRABLE INITIALLY DEFERRED);
INSERT INTO project_content_distances VALUES(1,'driving',845.21999999999994912,588.10000000000002273,581.16999999999991999,'2023-09-09 08:51:10.117397','2023-09-09 08:51:10.117397',1,3);
INSERT INTO project_content_distances VALUES(2,'bicycling',55.419999999999998152,175.06999999999999673,NULL,'2023-09-09 08:51:52.594063','2023-09-09 08:51:52.594063',1,7);
DELETE FROM sqlite_sequence;
INSERT INTO sqlite_sequence VALUES('django_migrations',27);
INSERT INTO sqlite_sequence VALUES('django_admin_log',13);
INSERT INTO sqlite_sequence VALUES('django_content_type',8);
INSERT INTO sqlite_sequence VALUES('auth_permission',32);
INSERT INTO sqlite_sequence VALUES('auth_group',0);
INSERT INTO sqlite_sequence VALUES('auth_user',1);
INSERT INTO sqlite_sequence VALUES('project_content_locations',8);
INSERT INTO sqlite_sequence VALUES('project_content_distances',2);
CREATE UNIQUE INDEX "auth_group_permissions_group_id_permission_id_0cd325b0_uniq" ON "auth_group_permissions" ("group_id", "permission_id");
CREATE INDEX "auth_group_permissions_group_id_b120cbf9" ON "auth_group_permissions" ("group_id");
CREATE INDEX "auth_group_permissions_permission_id_84c5c92e" ON "auth_group_permissions" ("permission_id");
CREATE UNIQUE INDEX "auth_user_groups_user_id_group_id_94350c0c_uniq" ON "auth_user_groups" ("user_id", "group_id");
CREATE INDEX "auth_user_groups_user_id_6a12ed8b" ON "auth_user_groups" ("user_id");
CREATE INDEX "auth_user_groups_group_id_97559544" ON "auth_user_groups" ("group_id");
CREATE UNIQUE INDEX "auth_user_user_permissions_user_id_permission_id_14a6b632_uniq" ON "auth_user_user_permissions" ("user_id", "permission_id");
CREATE INDEX "auth_user_user_permissions_user_id_a95ead1b" ON "auth_user_user_permissions" ("user_id");
CREATE INDEX "auth_user_user_permissions_permission_id_1fbb5f2c" ON "auth_user_user_permissions" ("permission_id");
CREATE INDEX "django_admin_log_content_type_id_c4bce8eb" ON "django_admin_log" ("content_type_id");
CREATE INDEX "django_admin_log_user_id_c564eba6" ON "django_admin_log" ("user_id");
CREATE UNIQUE INDEX "django_content_type_app_label_model_76bd3d3b_uniq" ON "django_content_type" ("app_label", "model");
CREATE UNIQUE INDEX "auth_permission_content_type_id_codename_01ab375a_uniq" ON "auth_permission" ("content_type_id", "codename");
CREATE INDEX "auth_permission_content_type_id_2f476e4b" ON "auth_permission" ("content_type_id");
CREATE INDEX "django_session_expire_date_a5c62663" ON "django_session" ("expire_date");
CREATE INDEX "project_content_distances_from_location_id_af3169a8" ON "project_content_distances" ("from_location_id");
CREATE INDEX "project_content_distances_to_location_id_88f922f2" ON "project_content_distances" ("to_location_id");
COMMIT;
